市場,代號,名稱,主題,子題,角色,產業已發動,市值(億美元),營收YoY,營收加速,①底子,②催化劑,③資金技術,④位置,總分,⚡爆發力,🏔️長跑力,階段,紅旗,6月超額,離高點,50MA乖離
台股,3006,晶豪科,半導體,記憶體,小型潛力,是,23.7,5.2217990400032965,1.973882734208762,16.4,22.0,19.2,20.0,77.5,82,70,🚀 主升段,資產擴張遠快於獲利,0.257197302427405,-0.14423076923076927,0.0010497900419914608
台股,4967,十銓,半導體,記憶體,小型潛力,是,8.3,1.611651391871325,0.8576654644172912,17.2,25.0,11.4,20.0,73.6,73,79,🚀 主升段,,-0.19724503345176392,-0.08799775356672501,0.007251976271285709
台股,6187,萬潤,半導體,設備/材料,二線,是,46.2,0.8785544461388971,0.580231492830349,13.1,25.0,18.9,14.2,71.2,88,85,🚀 主升段,,0.11799756065964306,-0.009771986970684043,0.21598906441084553
台股,2344,華邦電,半導體,記憶體,龍頭,是,249.6,2.7921459730850544,0.9452525980838791,13.1,22.0,13.7,19.3,68.1,71,69,🚀 主升段,,0.4359813015068108,-0.2004504504504504,0.031616877833313906
台股,3680,家登,半導體,設備/材料,二線,是,17.1,0.5318665471141463,0.38098182561996896,11.2,25.0,12.6,17.7,66.4,75,59,📈 趨勢中,資產擴張遠快於獲利,0.007160363511923062,-0.06839460513055218,0.1469924205773263
台股,6531,愛普,半導體,記憶體,二線,是,50.5,1.2851605932466785,0.4794988635419727,10.1,22.0,14.0,19.8,65.9,72,57,🚀 主升段,資產擴張遠快於獲利,0.4693557031101312,-0.16235851899836828,0.09114956464234547
台股,4576,大銀微系統,機器人,零組件/系統,小型潛力,,8.5,0.7762457291768848,0.2735478225121619,14.7,20.0,11.9,19.3,65.9,64,45,📈 趨勢中,,-0.07866248717651314,-0.19747246543565478,0.02560634748895496
美股,CRDO,Credo,半導體,晶片/IC 設計,二線,是,413.5,1.1472829643974647,,11.7,20.8,14.8,18.2,65.6,71,90,🚀 主升段,,0.8895380561616515,-0.2727422897767825,0.05339056191075109
台股,2467,志聖,半導體,設備/材料,二線,是,27.1,0.958428418148413,0.16135950000561972,12.5,23.9,9.4,19.7,65.6,67,54,🚀 主升段,,-0.4398857023477052,-0.17034353276702774,0.00029152394140363747
台股,3081,聯亞,AI 基建,光通訊/矽光子,二線,,86.2,1.8253346155024452,0.6174747935702289,12.9,20.0,12.2,19.9,65.1,64,67,🚀 主升段,,-0.044000022084245805,-0.15580736543909346,0.0885049494100889
台股,6589,台康生技,生技,新藥/特色藥,小型潛力,,4.7,1.3473254774729586,1.118010050398238,23.5,17.0,1.9,21.8,64.2,38,39,🌱 潛伏期,,-0.49833127242350517,-0.37728938889109875,0.02897263794872007
台股,6446,藥華藥,生技,新藥/特色藥,龍頭,,154.5,0.9933010563302996,0.08763642676736871,21.1,16.9,7.2,18.7,63.8,48,84,· 無訊號,,0.600392233845428,-0.2429022082018928,-0.07264296754250388
台股,2408,南亞科,半導體,記憶體,龍頭,是,571.4,6.190303506856516,-0.7057297987544571,13.7,15.0,14.6,20.0,63.3,59,66,🚀 主升段,,1.0106247514664746,-0.023941068139963217,0.07354817800644131
台股,2059,川湖,AI 基建,散熱/機電,二線,是,316.1,2.987207516180882,1.4148275623977573,11.8,25.0,8.0,18.3,63.1,66,90,· 無訊號,,1.7126799052605126,-0.26585517670654957,-0.13449388025608777
台股,8996,高力,AI 基建,散熱/機電,小型潛力,是,49.3,1.0808300584949098,0.5354445973537321,11.0,24.1,19.6,8.3,62.9,87,70,🚀 主升段,,0.16739327188936937,0.0,0.334918959787043
台股,3037,欣興,AI 基建,PCB/CCL,龍頭,,645.9,0.4541982772386324,0.1766050722168266,8.3,18.6,20.1,14.5,61.6,77,41,🚀 主升段,,0.5165512849445297,-0.049056603773584895,0.20912022109626904
台股,3324,雙鴻,AI 基建,散熱/機電,二線,是,43.9,0.6903448795586641,0.03442334292775007,7.3,20.4,19.2,14.6,61.5,79,62,🔥 發動期,資產擴張遠快於獲利,0.07521899581037839,-0.11988304093567248,0.20749691105441337
台股,2383,台光電,AI 基建,PCB/CCL,龍頭,,671.3,1.4270729469574637,0.3306117877747399,8.7,20.0,13.5,19.0,61.2,67,65,🚀 主升段,,0.29851375230115673,-0.051594558094908316,0.11939095101858821
台股,3260,威剛,半導體,記憶體,二線,是,36.1,2.7034933475270324,0.7301593151738006,15.0,25.0,2.5,18.6,61.1,55,70,· 無訊號,,-0.43877346917013615,-0.2504046694139903,-0.05464950104325028
台股,6223,旺矽,半導體,先進封裝/測試,二線,是,171.8,0.671466062636154,0.17470551070739876,7.1,24.3,10.9,18.8,61.1,70,81,🚀 主升段,,-0.24397919926165312,-0.23723974486228194,0.00892022156679384
台股,2404,漢唐,半導體,設備/材料,二線,是,76.4,0.5790739699082049,-0.38030842118102637,13.0,18.0,12.3,17.5,60.8,61,50,📈 趨勢中,資產擴張遠快於獲利,-0.01899497446719467,-0.034941243038587255,0.15008880994671414
台股,6510,精測,半導體,先進封裝/測試,二線,是,34.2,0.5333221108995457,0.18499228309410382,14.0,24.6,3.0,19.2,60.8,55,55,· 無訊號,,-0.5046221703208619,-0.20526045540290838,0.09560109560109553
台股,1513,中興電,電力,重電/電網,二線,,25.6,0.08011335482003339,0.02082170360716807,19.6,5.4,10.6,25.0,60.7,32,49,🌱 潛伏期,,-0.3159941418354417,-0.07734627333682942,0.013822078791938308
台股,3653,健策,AI 基建,散熱/機電,二線,是,332.4,0.872771299837917,0.4650708066567094,7.3,25.0,19.3,9.0,60.6,89,68,🚀 主升段,,0.29509709923222904,0.0,0.3190414294344872
美股,ARGX,argenx,生技,腫瘤/基因,龍頭,,577.4,0.5981670131999102,,19.6,15.8,4.7,20.0,60.1,41,79,· 無訊號,,0.01091237740589035,-0.12320334211423378,-0.031430819071663785
台股,2464,盟立,機器人,零組件/系統,二線,,12.8,0.596196114647023,0.38991258257554573,8.4,17.0,14.7,19.9,59.9,63,33,🚀 主升段,資產擴張遠快於獲利,1.251340689466047,-0.15990990990990994,0.011635972620743562
台股,3665,貿聯-KY,AI 基建,散熱/機電,二線,是,142.7,0.5091425073967021,0.09687102779338719,10.1,20.0,10.5,19.3,59.8,61,46,📈 趨勢中,,-0.38945767378566987,-0.19710723247169415,0.06776180698151957
台股,6472,保瑞,生技,新藥/特色藥,二線,,16.8,0.34737458870595356,0.28755057477559265,22.1,12.6,2.6,21.7,59.0,30,60,🌱 潛伏期,,-0.4144679867139236,-0.379525219501718,0.0008265755199607927
台股,2421,建準,AI 基建,散熱/機電,二線,是,15.0,0.24740986135227905,0.08552073932470083,16.7,17.5,4.1,20.0,58.3,43,62,· 無訊號,,-0.2305792390232717,-0.0834366231654764,0.07115531752104043
美股,ONTO,Onto Innovation,半導體,設備/材料,二線,是,149.4,0.3530483404772138,,8.3,18.2,12.4,19.3,58.2,61,39,🚀 主升段,資產擴張遠快於獲利,0.08367548023015714,-0.1956665766205281,0.06439816453857583
台股,4979,華星光,AI 基建,光通訊/矽光子,小型潛力,,25.0,0.3204799880465455,0.15717531187014658,11.6,15.9,11.3,19.1,57.9,54,59,🚀 主升段,,-0.20344147337399865,-0.2118268625415013,0.023208476455300442
台股,8021,尖點,AI 基建,PCB/CCL,小型潛力,,25.8,0.9954790296141729,0.1968851872541073,12.6,19.9,13.4,11.6,57.5,67,44,⚠️ 過熱,,0.2958332427317212,-0.039167601709805266,0.2679218648250603
台股,8046,南電,AI 基建,PCB/CCL,二線,,295.8,0.4954890538785106,0.0777787978526363,11.0,13.5,20.4,12.6,57.4,68,34,🚀 主升段,,0.7385967996903184,-0.02657807308970095,0.24895565141775644
台股,4908,前鼎,AI 基建,光通訊/矽光子,小型潛力,,6.0,0.3676148304563891,0.2027639750759552,10.5,17.9,17.7,11.3,57.4,71,53,🚀 主升段,資產擴張遠快於獲利,0.4571496267617965,-0.15630745096758614,0.27245365134771893
美股,CRSP,CRISPR,生技,腫瘤/基因,小型潛力,,50.6,,,22.9,8.0,3.3,22.6,56.8,23,35,· 無訊號,,-0.13673181386501665,-0.3181818272151775,-0.045237706356693
台股,1795,美時,生技,新藥/特色藥,二線,,15.0,1.0369216914111012,0.03938580333342612,25.0,10.5,1.0,20.1,56.6,23,67,🌱 潛伏期,,-0.6047351772218397,-0.49082675131248354,-0.00454577161321712
台股,1597,直得,機器人,零組件/系統,小型潛力,,3.9,0.4607710547450769,-0.07553140204934333,15.0,12.4,12.2,17.1,56.6,49,45,📈 趨勢中,,-0.027121437189794984,-0.3563912943023274,0.012481898149208748
台股,8210,勤誠,AI 基建,散熱/機電,小型潛力,是,34.3,0.6002839180727543,0.31141283053522,14.0,24.0,2.1,16.0,56.1,52,72,🌱 潛伏期,,-0.46990501766439585,-0.4319399833258807,-0.08929873918933007
台股,8299,群聯,半導體,記憶體,龍頭,是,142.0,3.51689950654359,0.9857820989249784,8.4,25.0,4.2,18.1,55.6,58,68,· 無訊號,資產擴張遠快於獲利,-0.21542235352476458,-0.2812476517723569,0.010523210070810363
台股,2337,旺宏,半導體,記憶體,二線,是,72.4,1.9574936503961702,0.13881811406325717,17.8,20.3,0.7,16.8,55.6,42,50,🌱 潛伏期,,-0.6644692149388709,-0.37196765498652296,-0.038509153216948255
美股,MRVL,Marvell,半導體,晶片/IC 設計,二線,是,2558.4,0.3654852699267235,,10.5,16.8,14.5,13.8,55.5,63,52,🚀 主升段,,1.2265793238930136,-0.10011623329273034,0.22480832234392856
美股,ALAB,Astera Labs,半導體,晶片/IC 設計,二線,是,663.1,1.044548651817116,,6.3,20.8,14.9,13.4,55.4,71,82,🚀 主升段,,1.8037365789401683,-0.20862488366049714,0.2147994223562395
台股,1590,亞德客-KY,機器人,零組件/系統,龍頭,,75.9,0.4632919804986056,0.1842627555414581,15.5,17.9,3.3,18.7,55.4,42,60,🌱 潛伏期,,-0.349368950664396,-0.2382445141065831,-0.10747079997061626
台股,6274,台燿,AI 基建,PCB/CCL,二線,,157.4,1.229348253311135,0.13688454347015733,5.4,18.2,16.3,15.2,55.1,69,55,🚀 主升段,資產擴張遠快於獲利,0.7145130153845789,-0.08157894736842108,0.19684499314128945
台股,3450,聯鈞,AI 基建,光通訊/矽光子,小型潛力,,23.8,1.025148005824099,0.4131851378243442,8.3,20.0,6.1,19.4,53.8,52,37,· 無訊號,,0.24410155712796056,-0.19195046439628483,-0.002045615309614446
台股,3035,智原,半導體,晶片/IC 設計,二線,是,16.5,0.14755280523176215,0.35293407040512864,10.3,19.4,4.8,19.0,53.5,48,46,· 無訊號,,-0.08897175742225039,-0.12660944206008584,0.11917725347852381
台股,3443,創意,半導體,晶片/IC 設計,二線,是,352.0,1.2239342461334413,-0.08507489684750702,8.4,18.0,20.9,6.2,53.5,78,48,🚀 主升段,,1.70580006956381,-0.022674418604651136,0.37626696795533054
美股,TER,Teradyne,機器人,人形/自動化,二線,,643.8,1.0389630513794939,,6.1,15.8,11.2,20.0,53.1,54,61,🚀 主升段,,-0.017439736179791554,-0.14860659899582174,0.08226893192508844
美股,NBIS,Nebius,AI 基建,雲端算力/資料中心,二線,,644.7,4.540437678401522,,6.2,12.8,13.9,19.7,52.6,53,57,🚀 主升段,,0.5906162807561814,-0.17279991671508277,0.06662646016999507
美股,CLS,Celestica,AI 基建,伺服器/網通,二線,是,468.6,0.6239026750535701,,9.0,20.4,4.3,18.4,52.1,49,61,· 無訊號,,-0.017215897864958807,-0.21344197263973763,0.11390378583667982
台股,4958,臻鼎-KY,AI 基建,PCB/CCL,龍頭,,203.7,0.3523339373955699,0.16429821028567956,6.5,16.6,14.5,14.4,52.0,62,17,🚀 主升段,,0.7678211380740627,-0.09133126934984526,0.21173337737134368
台股,3661,世芯-KY,半導體,晶片/IC 設計,二線,是,118.0,1.5692934805957721,1.943749642354213,7.9,21.1,6.1,16.5,51.6,54,55,⚠️ 過熱,資產擴張遠快於獲利,-0.006495026181624564,-0.18062209937022478,0.16035319562468842
台股,3131,弘塑,半導體,設備/材料,二線,是,21.6,0.3365688309316183,0.3260991432222987,13.0,21.0,0.6,17.0,51.5,43,71,🌱 潛伏期,,-0.6753191066049303,-0.36105194158978693,0.010434280529550088
美股,TEM,Tempus AI,生技,AI 製藥,二線,,126.9,0.2156498800197053,,18.3,8.3,7.3,17.6,51.4,31,69,· 無訊號,,0.44415788817445456,-0.31864408257509835,0.0904102511683893
台股,6515,穎崴,半導體,先進封裝/測試,二線,是,63.8,1.5888482440030212,0.061497636906122644,12.5,21.1,2.3,15.3,51.3,47,68,🌱 潛伏期,,-0.7503782409930263,-0.4769386761377239,-0.1225873107809834
台股,3583,辛耘,半導體,設備/材料,二線,是,19.0,0.07323250055028126,0.012020709659040486,16.5,12.7,3.2,18.8,51.1,32,66,· 無訊號,,-0.36763506015511416,-0.23728106136005345,0.02940858497558496
台股,4743,合一,生技,新藥/特色藥,小型潛力,,7.2,-0.3596752055153776,-0.7934759690424482,25.0,2.0,1.4,22.1,50.5,7,36,· 無訊號,,-0.5522064783198011,-0.35628342832337123,0.047969385408136
美股,LITE,Lumentum,AI 基建,光通訊/矽光子,二線,,996.6,1.0934054503848554,,5.2,12.8,18.5,13.5,50.0,63,45,🚀 主升段,資產擴張遠快於獲利,0.09371410926837109,-0.019701850753483185,0.2301337245505335
台股,4966,譜瑞-KY,半導體,晶片/IC 設計,二線,是,13.5,-0.041509545139523464,-0.07353567205651719,19.4,5.0,2.8,22.2,49.5,16,50,· 無訊號,,-0.3954754868525705,-0.34634659565967485,-0.010608665934696337
台股,2049,上銀,機器人,零組件/系統,龍頭,,36.9,0.35459163405441146,0.0863059783472524,10.2,14.5,5.0,19.6,49.2,39,31,· 無訊號,,-0.07418984221736324,-0.17960840577200643,-0.038323111917307306
台股,6683,雍智科技,半導體,先進封裝/測試,小型潛力,是,12.2,0.2789527329533861,0.08620148504082414,11.9,18.3,2.6,15.8,48.7,42,70,· 無訊號,資產擴張遠快於獲利,-0.6228747994244918,-0.443579948933858,0.07541539813089759
台股,3529,力旺,半導體,晶片/IC 設計,二線,是,,0.2666954148214884,0.02662720484705572,13.8,14.2,3.5,16.7,48.3,36,71,· 無訊號,,-0.45760851239375455,-0.3689263496020171,0.10346375402109675
美股,BEAM,Beam,生技,腫瘤/基因,小型潛力,,25.6,-0.9421214268840066,,17.9,4.8,2.5,22.2,47.4,15,53,· 無訊號,,-0.20816072091580407,-0.3467826568080077,-0.06736998400697736
台股,6215,和椿,機器人,零組件/系統,小型潛力,,2.4,0.662947624628485,0.14543785568253575,8.9,18.5,1.5,17.9,46.8,40,47,🌱 潛伏期,,-0.5237719675502176,-0.29775636450073195,-0.03642891924127789
台股,4977,眾達-KY,AI 基建,光通訊/矽光子,小型潛力,,5.4,0.8364376161651387,1.0824441550301795,13.0,15.0,1.2,17.1,46.4,32,33,· 無訊號,,-0.5965171565757394,-0.35017694318835213,0.08687532110947815
台股,6643,M31,半導體,晶片/IC 設計,小型潛力,是,6.5,0.26256094072708863,0.3030497099558671,6.5,18.2,4.2,17.3,46.2,45,55,🌱 潛伏期,資產擴張遠快於獲利,-0.37677124472771273,-0.2928522076766118,0.11246916095154025
台股,1760,寶齡富錦,生技,新藥/特色藥,小型潛力,,1.5,-0.04098819359005309,-0.127286876619731,20.2,0.2,1.3,24.3,46.0,3,59,· 無訊號,,-0.5690805893213239,-0.1970032624347554,-0.02036925531698186
台股,2449,京元電子,半導體,先進封裝/測試,二線,是,118.4,0.3092797302041035,-0.023405350818098913,11.9,11.6,3.4,18.9,45.9,30,44,· 無訊號,,-0.3419354868911215,-0.12165851359901159,0.12171565458762679
美股,BE,Bloom Energy,電力,發電/電力公司,二線,,857.9,1.655168202730522,,3.3,12.8,14.8,14.9,45.8,55,48,🚀 主升段,資產擴張遠快於獲利,0.6701717567915233,-0.15775624286750345,0.19955363241394286
台股,3413,京鼎,半導體,設備/材料,二線,是,10.0,0.22718763528463462,0.016760396444453873,12.1,13.3,1.6,18.7,45.7,30,41,· 無訊號,資產擴張遠快於獲利,-0.513235042275891,-0.2421465968586387,-0.0041622235217225745
美股,VKTX,Viking,生技,減重/代謝,小型潛力,是,36.3,,,9.8,13.0,5.2,17.5,45.5,36,35,· 無訊號,現金只夠燒 1.2 年,-0.33231759067268507,-0.3225729838130257,-0.1351357572451557
美股,FORM,FormFactor,半導體,設備/材料,二線,是,109.2,0.31892052012788685,,6.7,17.9,5.0,15.8,45.4,46,37,· 無訊號,,0.0057911834779129645,-0.12586750794663037,0.18435033269745515
美股,TLN,Talen Energy,電力,發電/電力公司,二線,,178.9,1.1123348017621146,,10.3,12.8,6.1,15.9,45.1,38,42,⚠️ 過熱,資產擴張遠快於獲利,0.06070484885657823,-0.15144444098393595,0.18209265644254868
美股,VRT,Vertiv,AI 基建,散熱/機電,龍頭,是,949.0,0.2411584094613548,,10.6,15.0,1.6,17.2,44.4,33,63,· 無訊號,,-0.2915850422789583,-0.34454526634909066,-0.0477132479287562
美股,AMKR,Amkor,半導體,先進封裝/測試,二線,是,129.9,0.2557728239927166,,8.9,16.9,2.6,15.9,44.3,39,34,· 無訊號,,-0.19814894692395668,-0.440233120264931,0.01600531471796751
台股,6442,光聖,AI 基建,光通訊/矽光子,二線,,44.3,0.6771440332964783,0.09255170873503993,10.2,17.0,0.5,16.6,44.2,35,94,· 無訊號,資產擴張遠快於獲利,-0.6967189631022669,-0.24884307157833208,0.14040188667054343
美股,TTMI,TTM Technologies,AI 基建,PCB/CCL,二線,,135.1,0.3742473868120406,,9.2,13.8,4.9,16.1,44.0,37,24,· 無訊號,,0.04331267566588526,-0.42114057776842606,0.03668336216594148
美股,AEHR,Aehr Test,半導體,設備/材料,小型潛力,是,29.2,0.33685854212506205,,5.7,15.2,6.1,16.6,43.6,43,38,· 無訊號,,0.1489380050208453,-0.38623719269300916,-0.08270531575468609
台股,3533,嘉澤,AI 基建,散熱/機電,二線,是,68.1,0.18479731547134995,0.02614359109086739,9.9,15.1,1.1,17.3,43.4,32,81,· 無訊號,,-0.6038426034270108,-0.3161551442328314,0.10606380007662164
美股,MYRG,MYR Group,電力,電網/電氣設備,小型潛力,,48.7,0.20148501929858664,,12.6,11.0,3.0,16.8,43.4,28,49,· 無訊號,,-0.15510266040087906,-0.37525196351897094,0.02410375093313788
美股,COHR,Coherent,AI 基建,光通訊/矽光子,二線,,655.2,0.33744269129273796,,8.8,10.2,5.2,18.5,42.7,31,32,· 無訊號,,0.02841063398276944,-0.2162852583138576,0.11068763241068003
台股,8027,鈦昇,半導體,設備/材料,小型潛力,是,6.8,0.4359667674714161,-0.30905916300918285,7.4,14.0,4.7,16.7,42.7,37,33,· 無訊號,資產擴張遠快於獲利,-0.13126687943471627,-0.30716723549488056,0.1212991604065401
台股,2368,金像電,AI 基建,PCB/CCL,二線,,205.5,0.7733067469518655,0.07713496522762142,7.1,16.6,5.0,13.1,41.8,43,65,· 無訊號,,-0.275172328470761,-0.1343853376254227,0.23862584824182598
台股,6640,均華,半導體,設備/材料,小型潛力,是,9.5,0.9500830129533968,-0.2134353062237,10.3,14.6,0.2,16.6,41.6,30,64,· 無訊號,資產擴張遠快於獲利,-0.7908803318380495,-0.38951446492702413,0.005864379115978036
美股,CAMT,Camtek,半導體,設備/材料,二線,是,71.0,0.08049174079810562,,11.2,9.1,1.8,18.3,40.4,22,54,· 無訊號,資產擴張遠快於獲利,-0.2866386332858365,-0.2663646388570722,0.027338521698014873
美股,FN,Fabrinet,AI 基建,光通訊/矽光子,二線,,178.5,0.44641043342142184,,8.6,13.6,1.0,16.9,40.1,29,53,⚠️ 過熱,,-0.34344257293392777,-0.3328733776587133,0.10945405705752975
美股,IONQ,IonQ,其他新興（雷達）,量子運算,小型潛力,,167.5,2.8682709964240845,,4.9,12.8,6.4,15.1,39.2,38,47,· 無訊號,,0.32330949670567777,-0.4964063589133526,0.005810051448470688
台股,3363,上詮,AI 基建,光通訊/矽光子,小型潛力,,23.7,0.1788890727878422,0.4382574897816892,8.1,11.9,0.9,17.5,38.4,26,32,· 無訊號,,-0.6103736040917923,-0.32525252525252524,0.03784724380088256
台股,6188,廣明,機器人,零組件/系統,小型潛力,,5.4,-0.10002456839520173,0.02217380291915623,15.9,2.0,0.4,20.0,38.3,5,35,🌱 潛伏期,,-0.7424368455844484,-0.5065604231002017,-0.05441272360078864
美股,CIEN,Ciena,AI 基建,光通訊/矽光子,二線,,633.1,0.3704687198874843,,8.2,13.7,2.4,13.8,38.2,32,50,· 無訊號,,-0.2328923653534607,-0.2879585132264254,0.18363858826945778
台股,2359,所羅門,機器人,零組件/系統,小型潛力,,6.7,0.11622279073007558,-0.29411542691376585,12.1,3.9,3.7,18.0,37.7,15,44,· 無訊號,,-0.31388013224672795,-0.2901408450704225,-0.09326424870466321
美股,UCTT,Ultra Clean,半導體,設備/材料,小型潛力,是,32.3,0.24306090979182726,,6.0,13.7,2.9,15.0,37.6,33,35,· 無訊號,資產擴張遠快於獲利,-0.16759919597238404,-0.4991233606619654,-0.06422299670504628
台股,1503,士電,電力,重電/電網,龍頭,,32.1,0.013770151748669654,-0.2403034251308838,13.7,2.2,3.0,18.6,37.5,10,26,· 無訊號,,-0.3803829091597648,-0.2490378129032439,-0.012810851544838076
美股,MOD,Modine,AI 基建,散熱/機電,二線,是,100.6,0.2801698886936146,,4.8,15.0,0.8,16.7,37.4,32,30,· 無訊號,資產擴張遠快於獲利,-0.3645470547161527,-0.3827104389224846,-0.005459877985057426
美股,POWL,Powell,電力,電網/電氣設備,小型潛力,,72.0,0.08896053766858913,,13.7,4.7,1.7,16.6,36.7,13,68,· 無訊號,,-0.2915167713200215,-0.385512913244351,0.024997465563066257
美股,NVMI,Nova,半導體,設備/材料,二線,是,120.2,0.1589579478973948,,8.3,10.5,0.5,16.8,36.1,22,67,· 無訊號,資產擴張遠快於獲利,-0.384319957909638,-0.3762569573424086,0.004074528231582164
美股,RKLB,Rocket Lab,其他新興（雷達）,太空,二線,,459.9,0.6198563301914213,,3.9,12.8,3.7,15.0,35.4,33,52,· 無訊號,,-0.07129810398003467,-0.5212673885754397,0.02354492707960998
美股,AAOI,Applied Opto,AI 基建,光通訊/矽光子,小型潛力,,104.0,0.8641891366850571,,4.5,12.8,2.1,15.7,35.2,30,43,· 無訊號,,-0.2296329291733903,-0.45073958958714544,0.08526995020413297
美股,SMMT,Summit,生技,腫瘤/基因,小型潛力,,143.2,,,9.7,8.0,3.5,13.9,35.1,23,31,· 無訊號,,-0.21934249883549617,-0.3195602223659121,0.1738164312011381
台股,1514,亞力,電力,重電/電網,二線,,8.8,-0.032010845678677215,-0.19529859151905418,10.5,1.9,2.3,18.1,32.8,8,50,· 無訊號,,-0.44082092716394183,-0.28590958126022914,0.010914980014638198
美股,APLD,Applied Digital,AI 基建,雲端算力/資料中心,小型潛力,,71.2,,,7.0,8.0,2.4,15.0,32.3,21,48,· 無訊號,,-0.21774340565409755,-0.5204431272065122,-0.12112981759079589
美股,ASTS,AST SpaceMobile,其他新興（雷達）,太空,小型潛力,,236.0,26.26643598615917,,4.1,12.8,0.4,15.0,32.3,26,53,· 無訊號,,-0.48686709449874743,-0.5442933113327324,-0.036062212396007376
美股,OKLO,Oklo,電力,核能/SMR/鈾,小型潛力,,68.5,,,8.6,8.0,0.7,15.0,32.3,17,42,· 無訊號,,-0.37781326490197,-0.7885609290003653,-0.08864545383761413
美股,SMR,NuScale,電力,核能/SMR/鈾,小型潛力,,31.5,-0.990687856965483,,9.5,4.8,1.9,15.0,31.2,13,46,· 無訊號,,-0.3241815608658106,-0.8564476879564803,-0.14589875786284834
美股,SYM,Symbotic,機器人,人形/自動化,二線,,262.2,0.2173829335558104,,6.2,8.3,1.1,15.0,30.5,19,36,· 無訊號,,-0.3407395449903242,-0.5038946178774624,0.025508712417562363
台股,1519,華城,電力,重電/電網,龍頭,,75.4,-0.07197585050282622,-0.07344509764265247,8.5,1.8,1.7,18.1,30.2,7,82,· 無訊號,資產擴張遠快於獲利,-0.5083861720099367,-0.28094535182751434,-0.011140346066231155
美股,VST,Vistra,電力,發電/電力公司,龍頭,,559.6,-0.054823529411764715,,5.7,2.8,5.3,16.0,29.8,16,53,· 無訊號,資產擴張遠快於獲利,-0.05413763846036579,-0.20470244913948854,0.16425103892786885
美股,BWXT,BWX Tech,電力,核能/SMR/鈾,二線,,129.7,0.18007719501229658,,5.6,6.6,1.1,16.4,29.6,15,46,· 無訊號,資產擴張遠快於獲利,-0.5325033174072449,-0.40460979842923195,-0.08368202363633948
美股,FLNC,Fluence,電力,儲能,二線,,14.9,0.07852681927794825,,8.2,6.1,0.1,15.0,29.4,12,53,· 無訊號,資產擴張遠快於獲利,-0.5832785285388168,-0.7620229542280115,-0.2696420527304133
台股,4562,穎漢,機器人,零組件/系統,小型潛力,,,-0.14442091812535762,-0.03818813275958195,7.0,2.3,2.0,17.3,28.6,9,36,· 無訊號,資產擴張遠快於獲利,-0.48041766921688056,-0.34138308446795107,-0.023310323954336187
美股,IREN,IREN,AI 基建,雲端算力/資料中心,小型潛力,,152.5,-0.26732054759413104,,4.7,4.8,3.3,15.1,27.9,16,69,· 無訊號,資產擴張遠快於獲利,-0.1049300799852646,-0.4936527055043868,-0.07125131030692033
美股,LEU,Centrus,電力,核能/SMR/鈾,小型潛力,,30.1,0.13980582524271834,,6.0,5.0,1.3,15.0,27.3,13,33,· 無訊號,資產擴張遠快於獲利,-0.3322395880059723,-0.6625229371797055,-0.12260406922648648
台股,3163,波若威,AI 基建,光通訊/矽光子,小型潛力,,20.1,0.0893739920643829,-0.1444267019103289,5.5,3.4,0.1,16.7,25.7,7,53,· 無訊號,,-0.8255925391635442,-0.380389471239586,-0.016521287042920774
