市場,代號,名稱,主題,子題,角色,用途,評分模型,理由,保留(Y/N),加入日期
美股,MBLY,Mobileye Global Inc.,AI 基建,自動駕駛,小型潛力,候選,一般,每月篩選美股A（價值低檔型（Yartseva））：股價大幅回落且具備自由現金流，但短期面臨車市競爭與需求放緩挑戰，需確認成長動能。,Y,2026-10-09
美股,KROS,Keros Therapeutics,生技,罕見疾病與血液疾病新藥,小型潛力,候選,生技,每月篩選美股A（價值低檔型（Yartseva））：具備大藥廠里程碑資金與臨床進展，但生技新藥不確定性高需持續追蹤臨床數據。,Y,2026-10-09
美股,ONT,Onterris,AI 基建,環境工程與基礎建設,小型潛力,候選,一般,每月篩選美股A（價值低檔型（Yartseva））：具備高自由現金流與環保題材，但成長爆发力是否足以支撐十倍股仍需驗證。,Y,2026-10-09
美股,NUTX,Nutex Health Inc.,生技,醫療服務與診所營運,小型潛力,候選,生技,每月篩選美股B（成長突破型（O'Neil））：營收成長強勁且具現金流，但高度依賴政策與高波動性，需審慎評估。,Y,2026-10-09
美股,RIGL,Rigel Pharmaceuticals,生技,血液學與腫瘤學新藥,小型潛力,候選,生技,每月篩選美股B（成長突破型（O'Neil））：營收成長強勁且具自由現金流，但生技股具高度不確定性，需持續追蹤新藥放量進度。,Y,2026-10-09
美股,XERS,Xeris Biopharma Holdings,生技,特種製藥與給藥技術,小型潛力,候選,生技,每月篩選美股B（成長突破型（O'Neil））：營收成長強勁且具併購傳聞，但生技產業風險高，需持續追蹤獲利轉正進度。,Y,2026-10-09
台股,3515,華擎,AI 基建,AI 伺服器,小型潛力,候選,一般,每月篩選台股A（營收拐點低檔型）：AI 伺服器成長動能強且有小金雞東擎上市題材，但營收波動大需持續追蹤。,Y,2026-10-09
台股,7772,耀穎,半導體,先進封裝,小型潛力,候選,一般,每月篩選台股A（營收拐點低檔型）：營收具爆發力但本業獲利偏低且短線過熱，需待獲利跟上與籌碼沉澱。,Y,2026-10-09
台股,6409,旭隼,AI 基建,不斷電系統與電源,小型潛力,候選,一般,每月篩選台股A（營收拐點低檔型）：雖卡位BBU與AI基建題材且具獲利支撐，但營收成長剛性與爆發力待驗證，暫列觀察。,Y,2026-10-09
台股,6179,亞通,電力,能源工程與海事工程,小型潛力,候選,一般,每月篩選台股B（營收加速發動型）：營收爆發力強且跨足海工新業務，但營業利益率偏低且籌碼不穩，需觀察獲利實際轉化率。,Y,2026-10-09
台股,3693,營邦,AI 基建,AI伺服器與儲存,小型潛力,候選,一般,每月篩選台股B（營收加速發動型）：營收爆發力強且獲輝達與AMD訂單，但營業利益率偏低，需觀察獲利跟進情況。,Y,2026-10-09
台股,1815,富喬,AI 基建,玻纖布,小型潛力,候選,一般,每月篩選台股B（營收加速發動型）：營收與題材爆發但短線過熱，需觀察獲利實際兌現狀況。,Y,2026-10-09
